{
  "coco_metrics": {
    "images_evaluated": 882,
    "avg_latency_ms": 7.965094500000004,
    "p95_latency_ms": 10.456291899999616,
    "empty_prediction_images": 234,
    "coco_ap50_95": 0.3140019599138625,
    "coco_ap50": 0.6433182307504386,
    "coco_ap75": 0.2928544882349547,
    "coco_ar100": 0.3772727272727273,
    "precision_iou50": 0.8326417704011065,
    "recall_iou50": 0.6674057649667405,
    "f1_iou50": 0.7409230769230769,
    "image_recall_iou50": 0.68140589569161,
    "true_positive": 602,
    "false_positive": 121,
    "false_negative": 300
  },
  "country_crop_metrics": {
    "Germany": {
      "images": 10,
      "hit_rate": 1.0,
      "avg_top_score": 0.90126953125
    },
    "Netherlands": {
      "images": 10,
      "hit_rate": 0.8,
      "avg_top_score": 0.48935546875
    }
  }
}